video_id,track_id,frame_idx,crop_path,viewpoint,quality,track_correct,viewpoint_correct,head_pattern_visible,body_pattern_visible,usable_for_identity,individual_id
260113_S3_SC_Monoboia_0025_1#,1,0,data/crops/260113_S3_SC_Monoboia_0025_1#/1/0.jpg,frontal,3,Y,Y,Y,N,Y,1
260113_S3_SC_Monoboia_0025_1#,1,45,data/crops/260113_S3_SC_Monoboia_0025_1#/1/45.jpg,frontal,3,Y,Y,Y,N,Y,1
260113_S3_SC_Monoboia_0025_1#,1,90,data/crops/260113_S3_SC_Monoboia_0025_1#/1/90.jpg,frontal,1,Y,Y,U,Y,U,1
260113_S3_SC_Monoboia_0025_1#,1,100,data/crops/260113_S3_SC_Monoboia_0025_1#/1/100.jpg,left,2,Y,Y,N,Y,Y,1
260113_S3_SC_Monoboia_0025_1#,1,145,data/crops/260113_S3_SC_Monoboia_0025_1#/1/145.jpg,left,1,Y,Y,N,Y,U,1
260113_S3_SC_Monoboia_0025_1#,1,205,data/crops/260113_S3_SC_Monoboia_0025_1#/1/205.jpg,left,1,Y,Y,N,Y,U,1
260113_S3_SC_Monoboia_0026_4#,1,0,data/crops/260113_S3_SC_Monoboia_0026_4#/1/0.jpg,left,2,Y,Y,Y,U,U,2
260113_S3_SC_Monoboia_0026_4#,1,180,data/crops/260113_S3_SC_Monoboia_0026_4#/1/180.jpg,left,1,Y,Y,N,N,N,2
260113_S3_SC_Monoboia_0026_4#,1,226,data/crops/260113_S3_SC_Monoboia_0026_4#/1/226.jpg,frontal,1,Y,Y,Y,N,Y,2
260113_S3_SC_Monoboia_0026_4#,1,256,data/crops/260113_S3_SC_Monoboia_0026_4#/1/256.jpg,frontal,1,Y,Y,Y,N,U,2
260113_S3_SC_Monoboia_0026_4#,1,286,data/crops/260113_S3_SC_Monoboia_0026_4#/1/286.jpg,frontal,1,Y,Y,Y,N,Y,2
260113_S3_SC_Monoboia_0026_4#,1,411,data/crops/260113_S3_SC_Monoboia_0026_4#/1/411.jpg,left,1,Y,Y,N,Y,U,2
260113_S3_SC_Monoboia_0065_8#,1,0,data/crops/260113_S3_SC_Monoboia_0065_8#/1/0.jpg,right,1,Y,Y,N,Y,U,3
260113_S3_SC_Monoboia_0065_8#,1,30,data/crops/260113_S3_SC_Monoboia_0065_8#/1/30.jpg,right,2,Y,Y,N,Y,Y,3
260113_S3_SC_Monoboia_0065_8#,1,75,data/crops/260113_S3_SC_Monoboia_0065_8#/1/75.jpg,right,1,Y,Y,N,Y,U,3
260113_S3_SC_Monoboia_0102_13#,1,0,data/crops/260113_S3_SC_Monoboia_0102_13#/1/0.jpg,right,2,Y,Y,N,Y,Y,4
260113_S3_SC_Monoboia_0102_13#,1,165,data/crops/260113_S3_SC_Monoboia_0102_13#/1/165.jpg,right,1,Y,Y,N,Y,U,4
260113_S3_SC_Monoboia_0102_13#,1,271,data/crops/260113_S3_SC_Monoboia_0102_13#/1/271.jpg,frontal,2,Y,Y,Y,Y,U,4
260113_S3_SC_Monoboia_0102_13#,1,316,data/crops/260113_S3_SC_Monoboia_0102_13#/1/316.jpg,frontal,2,Y,Y,Y,Y,U,4
260113_S3_SC_Monoboia_0102_13#,1,361,data/crops/260113_S3_SC_Monoboia_0102_13#/1/361.jpg,frontal,2,Y,Y,Y,Y,Y,4
260113_S3_SC_Monoboia_0102_13#,1,416,data/crops/260113_S3_SC_Monoboia_0102_13#/1/416.jpg,right,3,Y,Y,N,Y,Y,4
