video_id,track_id,frame_idx,crop_path,viewpoint,quality
260113_S3_SC_Monoboia_0025_1#,1,0,tracks/260113_S3_SC_Monoboia_0025_1#/0.jpg,frontal,3
260113_S3_SC_Monoboia_0025_1#,1,45,tracks/260113_S3_SC_Monoboia_0025_1#/45.jpg,frontal,3
260113_S3_SC_Monoboia_0025_1#,1,90,tracks/260113_S3_SC_Monoboia_0025_1#/90.jpg,frontal,1
260113_S3_SC_Monoboia_0025_1#,1,100,tracks/260113_S3_SC_Monoboia_0025_1#/100.jpg,left,2
260113_S3_SC_Monoboia_0025_1#,1,145,tracks/260113_S3_SC_Monoboia_0025_1#/145.jpg,left,1
260113_S3_SC_Monoboia_0025_1#,1,205,tracks/260113_S3_SC_Monoboia_0025_1#/205.jpg,left,1
260113_S3_SC_Monoboia_0026_4#,1,0,tracks/260113_S3_SC_Monoboia_0026_4#/0.jpg,left,2
260113_S3_SC_Monoboia_0026_4#,1,180,tracks/260113_S3_SC_Monoboia_0026_4#/180.jpg,left,1
260113_S3_SC_Monoboia_0026_4#,1,226,tracks/260113_S3_SC_Monoboia_0026_4#/226.jpg,frontal,1
260113_S3_SC_Monoboia_0026_4#,1,256,tracks/260113_S3_SC_Monoboia_0026_4#/256.jpg,frontal,1
260113_S3_SC_Monoboia_0026_4#,1,286,tracks/260113_S3_SC_Monoboia_0026_4#/286.jpg,frontal,1
260113_S3_SC_Monoboia_0026_4#,1,411,tracks/260113_S3_SC_Monoboia_0026_4#/411.jpg,left,1
260113_S3_SC_Monoboia_0065_8#,1,0,tracks/260113_S3_SC_Monoboia_0065_8#/0.jpg,right,1
260113_S3_SC_Monoboia_0065_8#,1,30,tracks/260113_S3_SC_Monoboia_0065_8#/30.jpg,right,2
260113_S3_SC_Monoboia_0065_8#,1,75,tracks/260113_S3_SC_Monoboia_0065_8#/75.jpg,right,1
260113_S3_SC_Monoboia_0102_13#,1,0,tracks/260113_S3_SC_Monoboia_0102_13#/0.jpg,right,2
260113_S3_SC_Monoboia_0102_13#,1,165,tracks/260113_S3_SC_Monoboia_0102_13#/165.jpg,right,1
260113_S3_SC_Monoboia_0102_13#,1,271,tracks/260113_S3_SC_Monoboia_0102_13#/271.jpg,frontal,2
260113_S3_SC_Monoboia_0102_13#,1,316,tracks/260113_S3_SC_Monoboia_0102_13#/316.jpg,frontal,2
260113_S3_SC_Monoboia_0102_13#,1,361,tracks/260113_S3_SC_Monoboia_0102_13#/361.jpg,frontal,2
260113_S3_SC_Monoboia_0102_13#,1,416,tracks/260113_S3_SC_Monoboia_0102_13#/416.jpg,right,3
